Source,SS,df,MS,F,P_value,Percent_Variance
Groups,4011968.76889813,4,1002992.19222453,79.9504317273101,3.70706479391126e-60,0.211117878484173
Error,14991484.6463412,1195,12545.1754362687,,,0.788882121515827
Total,19003453.4152393,1199,,,,
