Source,SS,df,MS,F,P_value,Percent_Variance
Groups,191801.424462387,3,63933.8081541288,4.06475914979863,0.00692637102581486,0.0100929773274039
Error,18811651.9907769,1196,15728.8060123553,,,0.989907022672596
Total,19003453.4152393,1199,,,,
