Source,SS,df,MS,F,P_value,Percent_Variance
Groups,4451977.39999585,3,1483992.46666528,121.970787586938,6.36325676265779e-69,0.234272019022906
Error,14551476.0152434,1196,12166.7859659226,,,0.765727980977094
Total,19003453.4152393,1199,,,,
