Source,SS,df,MS,F,P_value,Percent_Variance
Groups,581675.142039438,4,145418.78550986,3246.63938288738,0,0.915735630776697
Error,53524.7153103084,1195,44.7905567450279,,,0.0842643692233029
Total,635199.857349747,1199,,,,
