Source,SS,df,MS,F,P_value,Percent_Variance
Groups,477.568284339998,3,159.189428113333,0.299958831292793,0.825448554490781,0.000751839407415113
Error,634722.289065407,1196,530.70425507141,,,0.999248160592585
Total,635199.857349747,1199,,,,
