Source,SS,df,MS,F,P_value,Percent_Variance
Groups,4117.09530436666,3,1372.36510145555,2.60084534082523,0.0507740499835314,0.00648157466776595
Error,631082.76204538,1196,527.661172278746,,,0.993518425332234
Total,635199.857349747,1199,,,,
