Source,SS,df,MS,F,P_value,Percent_Variance
Groups,10135646.2488718,3,3378548.74962392,373.704568914876,3.37712847487185e-171,0.483840608892564
Error,10812670.3301576,1196,9040.6942559846,,,0.516159391107436
Total,20948316.5790293,1199,,,,
