Source,SS,df,MS,F,P_value,Percent_Variance
Groups,3915408.47388477,4,978852.118471193,68.6746076684212,2.29241421915041e-52,0.186908024762446
Error,17032908.1051446,1195,14253.479585895,,,0.813091975237554
Total,20948316.5790293,1199,,,,
