Source,SS,df,MS,F,P_value,Percent_Variance
Groups,136007.658457483,3,45335.8861524944,2.60527171902528,0.0504746948740558,0.00649253403940038
Error,20812308.9205718,1196,17401.5960874347,,,0.9935074659606
Total,20948316.5790293,1199,,,,
