Source,SS,df,MS,F,P_value,Percent_Variance
Groups,536634.394411931,4,134158.598602983,2498.2307015297,0,0.893188394243618
Error,64173.2267690084,1195,53.7014449949861,,,0.106811605756382
Total,600807.62118094,1199,,,,
