Source,SS,df,MS,F,P_value,Percent_Variance
Groups,530.005015824757,3,176.668338608253,0.351996021982852,0.787713928308254,0.000882154282235945
Error,600277.616165115,1196,501.904361342069,,,0.999117845717764
Total,600807.62118094,1199,,,,
