Source,SS,df,MS,F,P_value,Percent_Variance
Groups,30.93026958,3,10.31008986,0.0970549762758133,0.961665415295111,0.000243389684186761
Error,127050.337300767,1196,106.229379014019,,,0.999756610315813
Total,127081.267570347,1199,,,,
