Source,SS,df,MS,F,P_value,Percent_Variance
Groups,111819.964849338,4,27954.9912123346,2188.94907659186,0,0.879909108456443
Error,15261.3027210083,1195,12.7709646200906,,,0.120090891543557
Total,127081.267570347,1199,,,,
