Source,SS,df,MS,F,P_value,Percent_Variance
Groups,124393.076504449,4,31098.2691261122,1265.03070356679,0,0.808956588786018
Error,29376.7032696704,1195,24.5830152884271,,,0.191043411213982
Total,153769.779774119,1199,,,,
